{"cameraMode":{"drawMode":0,"name":"Shaded","section":"Shading Mode"},"sceneLighting":false,"audioPlay":false,"sceneViewState":{"showFog":true,"showMaterialUpdate":false,"showSkybox":true,"showFlares":true,"showImageEffects":true,"showParticleSystems":true},"in2DMode":false,"pivot":{"x":-0.2013106346130371,"y":0.057714998722076419,"z":0.07744913548231125},"rotation":{"x":0.008732405491173268,"y":0.7747878432273865,"z":-0.010703282430768013,"w":0.6320704221725464},"size":0.17403872311115266,"orthographic":false}