{"cameraMode":{"drawMode":0,"name":"Shaded","section":"Shading Mode"},"sceneLighting":false,"audioPlay":false,"sceneViewState":{"showFog":true,"showMaterialUpdate":false,"showSkybox":true,"showFlares":true,"showImageEffects":true,"showParticleSystems":true},"in2DMode":false,"pivot":{"x":-0.6488531231880188,"y":0.0,"z":0.2845134735107422},"rotation":{"x":-0.09048188477754593,"y":0.8472030758857727,"z":-0.15312659740447999,"w":-0.5006118416786194},"size":0.6452344655990601,"orthographic":false}