{"cameraMode":{"drawMode":0,"name":"Shaded","section":"Shading Mode"},"sceneLighting":true,"audioPlay":false,"sceneViewState":{"showFog":true,"showMaterialUpdate":false,"showSkybox":true,"showFlares":true,"showImageEffects":true,"showParticleSystems":true},"in2DMode":false,"pivot":{"x":-5.806588172912598,"y":-0.6940999031066895,"z":0.6075541973114014},"rotation":{"x":-0.09304160624742508,"y":0.710232675075531,"z":-0.09564805030822754,"w":-0.691301703453064},"size":8.276617050170899,"orthographic":false}