{"cameraMode":{"drawMode":0,"name":"Shaded","section":"Shading Mode"},"sceneLighting":true,"audioPlay":false,"sceneViewState":{"showFog":true,"showMaterialUpdate":false,"showSkybox":true,"showFlares":true,"showImageEffects":true,"showParticleSystems":true},"in2DMode":false,"pivot":{"x":-4.855645656585693,"y":-0.11208236217498779,"z":-3.8281970024108888},"rotation":{"x":-0.06482691317796707,"y":0.8632828593254089,"z":-0.11492685228586197,"w":-0.48730501532554629},"size":7.880129814147949,"orthographic":false}