{"cameraMode":{"drawMode":0,"name":"Shaded","section":"Shading Mode"},"sceneLighting":false,"audioPlay":false,"sceneViewState":{"showFog":true,"showMaterialUpdate":false,"showSkybox":true,"showFlares":true,"showImageEffects":true,"showParticleSystems":true},"in2DMode":false,"pivot":{"x":5.101792335510254,"y":-0.6974436044692993,"z":0.3347848653793335},"rotation":{"x":0.08121007680892945,"y":0.6759203672409058,"z":-0.07533727586269379,"w":0.7286019921302795},"size":5.4377570152282719,"orthographic":false}