{"cameraMode":{"drawMode":0,"name":"Shaded","section":"Shading Mode"},"sceneLighting":false,"audioPlay":false,"sceneViewState":{"showFog":true,"showMaterialUpdate":false,"showSkybox":true,"showFlares":true,"showImageEffects":true,"showParticleSystems":true},"in2DMode":false,"pivot":{"x":0.23000000417232514,"y":0.35100001096725466,"z":-0.02064310759305954},"rotation":{"x":0.015320690348744393,"y":0.9695829153060913,"z":-0.06293009221553803,"w":0.23603832721710206},"size":0.5590474009513855,"orthographic":false}