{"cameraMode":{"drawMode":0,"name":"Shaded","section":"Shading Mode"},"sceneLighting":true,"audioPlay":false,"sceneViewState":{"showFog":true,"showMaterialUpdate":false,"showSkybox":true,"showFlares":true,"showImageEffects":true,"showParticleSystems":true},"in2DMode":false,"pivot":{"x":-1.953186273574829,"y":0.5854448080062866,"z":6.949615478515625},"rotation":{"x":-0.06389186531305313,"y":0.16480445861816407,"z":-0.010715718381106854,"w":-0.9842358231544495},"size":7.640850067138672,"orthographic":false}