{"cameraMode":{"drawMode":0,"name":"Shaded","section":"Shading Mode"},"sceneLighting":false,"audioPlay":false,"sceneViewState":{"showFog":true,"showMaterialUpdate":false,"showSkybox":false,"showFlares":true,"showImageEffects":true,"showParticleSystems":true},"in2DMode":false,"pivot":{"x":-1.6492111682891846,"y":-0.13333065807819367,"z":-0.12802009284496308},"rotation":{"x":-0.06478825956583023,"y":0.7258054614067078,"z":-0.06905700266361237,"w":-0.6814507246017456},"size":2.8578836917877199,"orthographic":false}