{"cameraMode":{"drawMode":0,"name":"Shaded","section":"Shading Mode"},"sceneLighting":false,"audioPlay":false,"sceneViewState":{"showFog":true,"showMaterialUpdate":false,"showSkybox":true,"showFlares":true,"showImageEffects":true,"showParticleSystems":true},"in2DMode":false,"pivot":{"x":0.3500065803527832,"y":1.1627027988433838,"z":-3.648064374923706},"rotation":{"x":-0.04530958831310272,"y":0.8127127289772034,"z":-0.06377764791250229,"w":-0.5773885250091553},"size":2.2238078117370607,"orthographic":false}