{"cameraMode":{"drawMode":0,"name":"Shaded","section":"Shading Mode"},"sceneLighting":false,"audioPlay":false,"sceneViewState":{"showFog":true,"showMaterialUpdate":false,"showSkybox":false,"showFlares":true,"showImageEffects":true,"showParticleSystems":true},"in2DMode":false,"pivot":{"x":3.6871728897094728,"y":0.04991735890507698,"z":1.1867848634719849},"rotation":{"x":-0.13807763159275056,"y":-0.7478548884391785,"z":0.16434507071971894,"w":-0.6282492280006409},"size":0.5479478240013123,"orthographic":false}