{"cameraMode":{"drawMode":0,"name":"Shaded","section":"Shading Mode"},"sceneLighting":true,"audioPlay":false,"sceneViewState":{"showFog":true,"showMaterialUpdate":false,"showSkybox":true,"showFlares":true,"showImageEffects":true,"showParticleSystems":true},"in2DMode":false,"pivot":{"x":0.09542352706193924,"y":2.2836408615112306,"z":-1.6240767240524293},"rotation":{"x":0.18819834291934968,"y":0.0032562927808612587,"z":-0.0006230654544197023,"w":0.9821256399154663},"size":1.5970149040222169,"orthographic":false}