{"cameraMode":{"drawMode":0,"name":"Shaded","section":"Shading Mode"},"sceneLighting":false,"audioPlay":false,"sceneViewState":{"showFog":true,"showMaterialUpdate":false,"showSkybox":true,"showFlares":true,"showImageEffects":true,"showParticleSystems":true},"in2DMode":false,"pivot":{"x":-0.16044467687606812,"y":0.2400168478488922,"z":0.35920339822769167},"rotation":{"x":0.15408839285373689,"y":-0.687157154083252,"z":-0.1527107059955597,"w":-0.693362295627594},"size":0.7392600178718567,"orthographic":false}