{"cameraMode":{"drawMode":0,"name":"Shaded","section":"Shading Mode"},"sceneLighting":false,"audioPlay":false,"sceneViewState":{"showFog":true,"showMaterialUpdate":false,"showSkybox":true,"showFlares":true,"showImageEffects":true,"showParticleSystems":true},"in2DMode":false,"pivot":{"x":1.324497103691101,"y":-0.26425981521606448,"z":-0.4453255534172058},"rotation":{"x":0.056211668998003009,"y":0.8076128959655762,"z":-0.07802525907754898,"w":0.5818192958831787},"size":2.2141952514648439,"orthographic":false}