{"cameraMode":{"drawMode":0,"name":"Shaded","section":"Shading Mode"},"sceneLighting":false,"audioPlay":false,"sceneViewState":{"showFog":true,"showMaterialUpdate":false,"showSkybox":false,"showFlares":true,"showImageEffects":true,"showParticleSystems":true},"in2DMode":false,"pivot":{"x":2.9513213634490969,"y":0.49201643466949465,"z":2.5833263397216799},"rotation":{"x":-0.06478825956583023,"y":0.7258054614067078,"z":-0.06905700266361237,"w":-0.6814507246017456},"size":2.8578836917877199,"orthographic":false}