{"cameraMode":{"drawMode":0,"name":"Shaded","section":"Shading Mode"},"sceneLighting":false,"audioPlay":false,"sceneViewState":{"showFog":true,"showMaterialUpdate":false,"showSkybox":true,"showFlares":true,"showImageEffects":true,"showParticleSystems":true},"in2DMode":false,"pivot":{"x":-50.62757873535156,"y":-22.743648529052736,"z":4.821745872497559},"rotation":{"x":-0.15436287224292756,"y":0.6584184765815735,"z":-0.14055082201957704,"w":-0.7231201529502869},"size":57.605464935302737,"orthographic":false}