{"cameraMode":{"drawMode":0,"name":"Shaded","section":"Shading Mode"},"sceneLighting":false,"audioPlay":false,"sceneViewState":{"showFog":true,"showMaterialUpdate":false,"showSkybox":true,"showFlares":true,"showImageEffects":true,"showParticleSystems":true},"in2DMode":false,"pivot":{"x":3.793651580810547,"y":-0.572115421295166,"z":-6.915002346038818},"rotation":{"x":0.015320690348744393,"y":0.9695829153060913,"z":-0.06293009221553803,"w":0.23603832721710206},"size":22.0,"orthographic":false}