{"cameraMode":{"drawMode":0,"name":"Shaded","section":"Shading Mode"},"sceneLighting":false,"audioPlay":false,"sceneViewState":{"showFog":true,"showMaterialUpdate":false,"showSkybox":true,"showFlares":true,"showImageEffects":true,"showParticleSystems":true},"in2DMode":false,"pivot":{"x":-0.7139425277709961,"y":0.01701422780752182,"z":0.66988605260849},"rotation":{"x":0.05202532187104225,"y":-0.7654497027397156,"z":0.0623801127076149,"w":0.6383485198020935},"size":0.46212735772132876,"orthographic":false}