{"cameraMode":{"drawMode":0,"name":"Shaded","section":"Shading Mode"},"sceneLighting":false,"audioPlay":false,"sceneViewState":{"showFog":true,"showMaterialUpdate":false,"showSkybox":true,"showFlares":true,"showImageEffects":true,"showParticleSystems":true},"in2DMode":false,"pivot":{"x":-0.43338146805763247,"y":0.014313727617263794,"z":0.8155570030212402},"rotation":{"x":-0.16899845004081727,"y":0.006510625127702951,"z":-0.0011133623775094748,"w":-0.9855942130088806},"size":0.46212735772132876,"orthographic":false}