{"cameraMode":{"drawMode":0,"name":"Shaded","section":"Shading Mode"},"sceneLighting":false,"audioPlay":false,"sceneViewState":{"showFog":true,"showMaterialUpdate":false,"showSkybox":true,"showFlares":true,"showImageEffects":true,"showParticleSystems":true},"in2DMode":false,"pivot":{"x":-0.42505401372909548,"y":-0.06963831931352616,"z":0.4621928930282593},"rotation":{"x":-0.15399865806102754,"y":-0.4800185561180115,"z":0.0860210582613945,"w":-0.859341025352478},"size":0.4621274769306183,"orthographic":false}