{"cameraMode":{"drawMode":0,"name":"Shaded","section":"Shading Mode"},"sceneLighting":true,"audioPlay":false,"sceneViewState":{"showFog":true,"showMaterialUpdate":false,"showSkybox":true,"showFlares":true,"showImageEffects":true,"showParticleSystems":true},"in2DMode":false,"pivot":{"x":-20.679872512817384,"y":-9.13007926940918,"z":9.080941200256348},"rotation":{"x":-0.1575840562582016,"y":0.5463451743125916,"z":-0.1055324375629425,"w":-0.815804660320282},"size":26.79987907409668,"orthographic":false}